principal component 0,principal component 1,principal component 2,principal component 3,Classe
3713.2124969696115,-944.3347748667724,-347.5037378590669,1.0237857389050888e-12,1.0
-2743.677619132206,-1698.9376981063974,-690.292968764681,1.02378573890509e-12,0.0
-531.8175766447237,-23.213980405416706,1586.8664842340909,1.0237857389050896e-12,1.0
-437.71730119267835,2666.4864533785903,-549.0697776103443,1.0237857389050888e-12,0.0
